model,index,expected,predicted,format_compliant,response
V1_RAW,0,setosa,virginica,False,"This data describes a flower's measurements. Based on these values, it is highly likely to be an **Iris Setosa**.

Here's why:

*   **Sepal Length (5.0 cm):** This is within the typical range for Iris Setosa.
*   **Sepal Width (3.4 cm):** This is also characteristic of Iris Setosa.
*   **Petal Length (1.5 cm):** This is a very strong indicator. Iris Setosa has significantly shorter petals compared to Iris Versicolor and Iris Virginica.
*   **Petal Width (0.2 cm):** Similar to petal length, this narrow width is a defining feature of Iris Setosa.

**In summary, the combination of a relatively short petal length and narrow petal width are hallmarks of the Iris Setosa species.**"
V1_RAW,1,versicolor,versicolor,False,"This looks like data for a flower, likely from the **Iris dataset**.

Specifically, this data represents one observation with the following measurements:

*   **sepal_length**: 6.6 cm
*   **sepal_width**: 3.0 cm
*   **petal_length**: 4.4 cm
*   **petal_width**: 1.4 cm

This combination of measurements is often characteristic of the **Iris versicolor** species.

Do you have a question about this data, or would you like me to do something with it? For example, I could:

*   Tell you what species it might belong to (as I've hinted at above).
*   Compare it to other data points.
*   Explain what these measurements represent.
*   Perform some basic analysis."
V1_RAW,2,virginica,virginica,False,"This looks like a data point from the Iris dataset. Based on the provided measurements:

*   **Sepal Length:** 6.5 cm
*   **Sepal Width:** 3.0 cm
*   **Petal Length:** 5.2 cm
*   **Petal Width:** 2.0 cm

These values are characteristic of the **Iris virginica** species.

If you were looking for a prediction from a machine learning model, this is exactly the kind of input you would provide."
V1_RAW,3,setosa,setosa,False,"This looks like a set of measurements for a flower, likely from the **Iris dataset**.

Let's break down what these values might represent:

*   **sepal_length**: 4.6 (Likely in centimeters)
*   **sepal_width**: 3.6 (Likely in centimeters)
*   **petal_length**: 1.0 (Likely in centimeters)
*   **petal_width**: 0.2 (Likely in centimeters)

**What does this tell us?**

Based on these measurements, it's highly probable that this flower belongs to the **Iris Setosa** species.

Here's why:

*   **Petal length and width are typically very small for Iris Setosa.** These values (1.0 and 0.2) are characteristic of this species.
*   **Sepal length and width are also within the typical range for Iris Setosa.**

**If you were using this in a machine learning context, you might be feeding these features into a model to predict the species of the flower.** Given these values, a well-trained model would very likely classify it as Iris Setosa."
V1_RAW,4,virginica,virginica,False,"This looks like a data point from the Iris dataset. Based on the provided measurements:

*   **sepal_length:** 6.9
*   **sepal_width:** 3.1
*   **petal_length:** 5.1
*   **petal_width:** 2.3

**Classification:**

With these values, the most likely classification for this Iris flower is **Iris virginica**.

**Reasoning:**

In the Iris dataset, Iris virginica typically has:

*   Longer sepals and petals compared to the other two species (setosa and versicolor).
*   Wider petals compared to the other two species.

Your provided measurements align well with the typical ranges for Iris virginica:

*   **Sepal Length:** 6.9 is on the higher end, fitting for virginica.
*   **Sepal Width:** 3.1 is within the typical range.
*   **Petal Length:** 5.1 is a good indicator of virginica.
*   **Petal Width:** 2.3 is characteristic of virginica.

If you were to input these values into a trained Iris classification model, it would very likely predict 'virginica'."
V1_RAW,5,virginica,virginica,False,"This looks like a set of measurements for an iris flower.

Given these measurements:

*   **sepal_length:** 6.0
*   **sepal_width:** 3.0
*   **petal_length:** 4.8
*   **petal_width:** 1.8

Based on these values, this is most likely an **Iris virginica** (Virginia Iris).

Here's why:

*   **Petal Width:** A petal width of 1.8 is quite large, which is characteristic of *Iris virginica*.
*   **Petal Length:** A petal length of 4.8 is also in the typical range for *Iris virginica*.
*   **Sepal Length and Width:** The sepal measurements (6.0 and 3.0) are also consistent with *Iris virginica*.

While the other two iris species (*Iris setosa* and *Iris versicolor*) have overlapping ranges for some of these measurements, the combination of a wider petal width (1.8) strongly points towards *Iris virginica*."
V1_RAW,6,versicolor,virginica,False,"This looks like a set of measurements for a flower, likely from the **Iris dataset**.

Specifically, these values:

*   **sepal_length**: 6.4
*   **sepal_width**: 3.2
*   **petal_length**: 4.5
*   **petal_width**: 1.5

are often used as features to classify different species of Iris flowers.

**Without more context, it's hard to say exactly what you want to do with these values.** Here are a few possibilities and what you might be interested in:

**1. Classification:**
*   **What Iris species does this flower belong to?** If you have a trained model (like a Support Vector Machine, K-Nearest Neighbors, or a Logistic Regression model) that was trained on the Iris dataset, you could feed these values into the model to predict the species.

**2. Data Exploration/Analysis:**
*   **How do these values compare to the average for each species?** You might be interested in looking up the average sepal length, sepal width, petal length, and petal width for Iris Setosa, Iris Versicolor, and Iris Virginica.
*   **Are these values typical or outliers?**

**3. Visualization:**
*   **How would this data point appear on a scatter plot?** You could plot sepal length vs. sepal width, or petal length vs. petal width, and see where this point falls.

**4. Machine Learning Feature Vector:**
*   These values represent a single **feature vector** or **data point** for a machine learning task.

**If you can tell me what you'd like to do with these measurements, I can provide a more specific answer!** For example, you might say:

*   ""Can you tell me which Iris species this is?""
*   ""Where would this point fall on a scatter plot of sepal length vs. sepal width?""
*   ""Are these values typical for Iris Virginica?"""
V1_RAW,7,versicolor,virginica,False,"This looks like a set of measurements for a flower, likely an iris, based on the feature names.

Here's a breakdown of what those values might represent:

*   **sepal_length: 6.3** - The length of a sepal (one of the outer, leaf-like parts that enclose the petals) is 6.3 units (likely centimeters).
*   **sepal_width: 3.3** - The width of a sepal is 3.3 units.
*   **petal_length: 4.7** - The length of a petal (one of the often brightly colored parts of the flower) is 4.7 units.
*   **petal_width: 1.6** - The width of a petal is 1.6 units.

**What can we do with this information?**

This data is commonly used in machine learning and data analysis, particularly for classification tasks. For example, these measurements could be used to predict the species of iris the flower belongs to (e.g., setosa, versicolor, or virginica).

**Do you have a specific question about these measurements, or would you like to do something with them?** For instance, you might be interested in:

*   **Predicting the species** if you have a model trained on iris data.
*   **Comparing it** to other flower measurements.
*   **Visualizing it** if you had more data points."
V1_RAW,8,virginica,virginica,False,"This looks like data for an iris flower. Based on the provided measurements:

*   **sepal_length:** 6.1 cm
*   **sepal_width:** 2.6 cm
*   **petal_length:** 5.6 cm
*   **petal_width:** 1.4 cm

These values are characteristic of the **Iris versicolor** or potentially **Iris virginica** species, though a definitive classification would require a model trained on a dataset or more information.

Would you like me to try and classify this iris based on common machine learning models?"
V1_RAW,9,setosa,setosa,False,"This looks like a set of measurements for a flower, likely from a dataset like the Iris dataset.

Let's break down what these values might represent:

*   **sepal_length:** The length of the sepal (outer, leaf-like structures that enclose the petals).
*   **sepal_width:** The width of the sepal.
*   **petal_length:** The length of the petal (inner, often brightly colored structures).
*   **petal_width:** The width of the petal.

**Based on these specific measurements:**

*   **sepal_length: 5.4**
*   **sepal_width: 3.4**
*   **petal_length: 1.7**
*   **petal_width: 0.2**

These values are very characteristic of the **Iris Setosa** species in the Iris dataset. The petals are generally much smaller and narrower than the sepals, which is a key distinguishing feature of Setosa.

**What would you like to do with these measurements?**

Are you trying to:

*   **Identify the species?** (As mentioned, it strongly suggests Iris Setosa)
*   **Predict something else?**
*   **Visualize these values?**
*   **Perform some analysis?**
*   **Are these part of a larger dataset you're working with?**

Let me know your goal!"
V1_RAW,10,setosa,setosa,False,"This looks like a data point for an Iris flower. Based on these measurements:

*   **sepal_length:** 5.2 cm
*   **sepal_width:** 3.4 cm
*   **petal_length:** 1.4 cm
*   **petal_width:** 0.2 cm

These values are very characteristic of the **Iris setosa** species.

If you're working with the Iris dataset, this specific combination of measurements would almost certainly be classified as *setosa*."
V1_RAW,11,virginica,virginica,False,"This looks like a data point from the Iris dataset!

Based on the provided measurements:

*   **sepal_length:** 6.5 cm
*   **sepal_width:** 3.0 cm
*   **petal_length:** 5.8 cm
*   **petal_width:** 2.2 cm

Given these values, it's highly probable that this data point belongs to the **Iris virginica** species.

This is because virginica irises typically have longer and wider petals compared to the other two species (setosa and versicolor). The combination of a relatively long sepal and large petals strongly suggests this classification."
V1_RAW,12,versicolor,versicolor,False,"This looks like a set of measurements for a flower, likely from the Iris dataset.

Based on these values:

*   **sepal_length: 6.1**
*   **sepal_width: 2.9**
*   **petal_length: 4.7**
*   **petal_width: 1.4**

These measurements are quite typical for an **Iris Versicolor** flower.

If you have more measurements or want to predict the species, I can help with that!"
V1_RAW,13,setosa,virginica,False,"This data appears to be a set of measurements for a flower, likely from the **Iris dataset**.

Here's a breakdown of what each measurement represents:

*   **sepal_length:** The length of the sepal (the outer leaf-like structures that enclose the petals).
*   **sepal_width:** The width of the sepal.
*   **petal_length:** The length of the petal (the colorful part of the flower.
*   **petal_width:** The width of the petal.

Based on these values:

*   **sepal_length: 5.8**
*   **sepal_width: 4.0**
*   **petal_length: 1.2**
*   **petal_width: 0.2**

These measurements are characteristic of the **Iris setosa** species. Irises setosa typically have longer sepals and significantly shorter and narrower petals compared to the other Iris species (versicolor and virginica).

If you're working with this data for machine learning or analysis, this set of measurements would likely be classified as **'setosa'**."
V1_RAW,14,versicolor,virginica,False,"This looks like a description of a single data point, likely from the Iris dataset, often used in machine learning.

Here's what those values typically represent in the context of the Iris dataset:

*   **sepal_length:** The length of the sepal.
*   **sepal_width:** The width of the sepal.
*   **petal_length:** The length of the petal.
*   **petal_width:** The width of the petal.

These measurements are used to classify iris flowers into three species: **setosa**, **versicolor**, and **virginica**.

**Based on these values:**

*   sepal_length: 6.6
*   sepal_width: 2.9
*   petal_length: 4.6
*   petal_width: 1.3

This combination of features most strongly suggests the flower is an **Iris versicolor**.

**Here's a rough idea of why:**

*   **Petal length (4.6) and width (1.3)** are generally in the range for versicolor. Setosa has much shorter petals, and virginica has longer and wider petals.
*   **Sepal length (6.6)** is also within the typical range for versicolor.
*   **Sepal width (2.9)** is also common for versicolor.

**If you were to use this in a machine learning context, you would typically feed these values into a trained model that has learned to distinguish between the iris species.**"
V2_DESCRIPTION,0,setosa,,False,"Based on the sepal and petal measurements you provided, it is **highly unlikely** that this flower specimen is an Iris species.

Here's why:

*   **Iris Sepal and Petal Ratios:** Iris flowers are characterized by their prominent, often elaborate sepals (called ""falls"") and petals (called ""standards""). There's a significant size difference between these structures, with the sepals typically being much larger and more elaborate than the petals.
*   **Your Measurements:**
    *   Sepal Length (5.0 cm) vs. Petal Length (1.5 cm)
    *   Sepal Width (3.4 cm) vs. Petal Width (0.2 cm)

In your specimen, the sepals are significantly larger than the petals, which aligns somewhat with the general appearance of an iris. However, the **petal width of 0.2 cm is exceptionally narrow** for any common Iris species. Iris petals are typically much broader and more substantial, often resembling spoon shapes or having significant width.

**What your measurements suggest instead:**

These measurements are more characteristic of a flower with a distinct calyx (sepals) and corolla (petals) where the petals are much smaller and more delicate than the sepals.

**To help identify the flower, could you provide more information? For example:**

*   **Color of the flower:** This is a very important distinguishing feature.
*   **Shape of the flower:** Is it trumpet-shaped, star-shaped, symmetrical, asymmetrical?
*   **Arrangement of petals and sepals:** Do they overlap? Are they arranged in a specific pattern?
*   **Number of petals and sepals:** (Though usually sepals and petals are counted differently in irises)
*   **Location where the specimen was found:** Geographic region, habitat (e.g., garden, wild meadow, forest).
*   **Any scent?**

Without additional information, I cannot confidently identify the species. However, based on the provided measurements alone, it does not fit the typical profile of an Iris."
V2_DESCRIPTION,1,versicolor,virginica,False,"Based on the provided measurements, the flower specimen most likely belongs to the **Iris setosa** species.

Here's why:

*   **Sepal Length:** 6.6 cm (This is within the typical range for Iris setosa, which is often around 6-8 cm).
*   **Sepal Width:** 3.0 cm (This is also within the typical range for Iris setosa, which is usually around 2.5-3.5 cm).
*   **Petal Length:** 4.4 cm (This is a characteristic feature of Iris setosa. Its petals are generally shorter than its sepals).
*   **Petal Width:** 1.4 cm (This is also consistent with Iris setosa, which has relatively narrow petals compared to some other iris species).

**Comparison with other common Iris species:**

*   **Iris versicolor:** Typically has longer petals (around 5-6 cm) and sepals that are often wider.
*   **Iris virginica:** Generally has longer petals and sepals, and the sepals are often more lanceolate.

The combination of shorter petals relative to sepals, and the specific measurements provided, strongly points to **Iris setosa**."
V2_DESCRIPTION,2,virginica,,False,"Based on the provided measurements, it is not possible to definitively identify the iris species.

Here's why:

*   **Iris Species Identification is Complex:** Identifying iris species requires a combination of many characteristics, not just a few measurements of sepals and petals. These include:
    *   **Flower Color and Pattern:** This is often a primary identifier.
    *   **Beard Presence and Color:** Many iris have a ""beard"" of fuzzy hairs on their falls (the drooping petals), and its color is important.
    *   **Stigma Shape:** The shape of the stigma (part of the pistil) can be distinctive.
    *   **Rhizome vs. Bulb:** Whether the iris grows from a rhizome (like most bearded irises) or a bulb (like Siberian or Japanese irises) is a fundamental difference.
    *   **Leaf Shape and Growth Habit:** The way the leaves grow and their shape are also key.
    *   **Blooming Time:** When the iris flowers can also be a clue.
    *   **Geographic Origin:** Knowing where the specimen was found can narrow down possibilities.

*   **Measurements are Not Specific Enough:** While the measurements you provided give us dimensions, they don't fall into a distinct range that uniquely points to one specific iris species. Many iris species and cultivars can have similar sepal and petal dimensions.

**To identify the iris species, you would need more information, such as:**

*   **A clear photograph of the flower**, showing its color, shape, and any beard.
*   **Information about whether it grows from a bulb or a rhizome.**
*   **The color of the flower.**
*   **Any distinctive patterns or markings on the petals.**

If you have more information or a picture, I might be able to help you further. You might also consider consulting a local iris society or a botanical garden, as they often have experts who can identify plants."
V2_DESCRIPTION,3,setosa,virginica,False,"Based on the provided measurements, the flower specimen most closely resembles **Irissetosa**.

Here's why:

*   **Sepal Length:** 4.6 cm - This is within the typical range for Iris setosa.
*   **Sepal Width:** 3.6 cm - This is also consistent with Iris setosa.
*   **Petal Length:** 1.0 cm - This is a very distinctive characteristic of Iris setosa, which has significantly shorter petals compared to other iris species.
*   **Petal Width:** 0.2 cm - This narrow petal width is also characteristic of Iris setosa.

The other common iris species in the Iris dataset (Iris-versicolor and Iris-virginica) have much larger petal lengths and widths."
V2_DESCRIPTION,4,virginica,setosa,False,"To identify the iris species based on these measurements, we would need access to a dataset or a key that correlates these specific measurements with different iris species.

However, I can tell you that these measurements are very similar to the **Iris setosa** species, which is often used in introductory machine learning examples for classification.

If this is a problem from a dataset you are working with (like the famous Iris dataset), the measurements are almost certainly indicative of **Iris setosa**.

**To confirm this, you would typically:**

*   **Compare these measurements to known values for different iris species.** This could be done by looking up these values in an iris classification key or a database.
*   **If you are working with the Iris dataset, these values are characteristic of Iris setosa.**

**In summary, based on the provided measurements, the most likely iris species is Iris setosa.**"
V2_DESCRIPTION,5,virginica,,False,"Based on the provided measurements, it is **not possible to definitively identify the iris species**.

Here's why:

*   **Iris Identification is Complex:** Identifying iris species relies on a multitude of characteristics, not just the simple measurements of sepals and petals. These include:
    *   **Flower Color and Pattern:** This is often a primary distinguishing feature.
    *   **Beard (or lack thereof):** Many irises have a fuzzy ""beard"" on their falls (the lower petals), and the appearance of this beard is important.
    *   **Rhizome or Bulb Type:** Irises grow from either rhizomes or bulbs, which have distinct differences.
    *   **Foliage:** The shape, color, and arrangement of the leaves can be characteristic.
    *   **Growth Habit:** Whether it's clump-forming, spreading, etc.
    *   **Geographic Origin:** Knowing where the specimen was found is crucial.
    *   **Flower Structure Details:** The specific shape and arrangement of standards (upper petals) and falls, the presence of styles, etc.
    *   **Scent:** Some irises have distinctive fragrances.

*   **Limited Data:** The provided measurements (sepal length/width, petal length/width) are just a few numerical data points. While these can be helpful in a broader classification (like distinguishing between different types of iris), they are insufficient for pinpointing a specific species without more context.

**What these measurements *might* suggest (but not confirm):**

These measurements could be used in conjunction with other data by an expert botanist or in a more detailed identification key. For example, if you were trying to distinguish between a few *very* similar species, these ratios might be a clue. However, without knowing what these ratios are typical for, they are just numbers.

**To identify the iris species, you would need to provide more information, such as:**

*   **Color of the flower**
*   **Whether it has a beard, and what it looks like**
*   **What kind of root system it has (bulb or rhizome)**
*   **Where it was found (geographic location)**
*   **A photograph of the entire plant and flower**

If you have more details, I might be able to offer a more informed suggestion, but accurate species-level identification of plants often requires visual inspection and a broader range of characteristics."
V2_DESCRIPTION,6,versicolor,virginica,False,"Based on the provided measurements, the iris species is likely **Iris setosa**.

Here's why:

The measurements you've given are very close to the average measurements for Iris setosa in the widely used Iris dataset. Specifically:

*   **Sepal Length:** 6.4 cm (Average for Iris setosa is around 5.9 cm, but this is well within a reasonable variation)
*   **Sepal Width:** 3.2 cm (Average for Iris setosa is around 2.9 cm, again, a reasonable variation)
*   **Petal Length:** 4.5 cm (Average for Iris setosa is around 4.2 cm)
*   **Petal Width:** 1.5 cm (Average for Iris setosa is around 1.5 cm)

While these are averages and individual specimens can vary, these values strongly align with the characteristics of Iris setosa when compared to the other two common species in the Iris dataset:

*   **Iris versicolor:** Typically has larger petals.
*   **Iris virginica:** Typically has larger sepals and petals than Iris setosa.

**Therefore, the most probable identification is Iris setosa.**"
V2_DESCRIPTION,7,versicolor,,False,"This is a great question that gets at how scientific data is used! However, with just the measurements you've provided, it's **impossible to definitively identify the iris species.**

Here's why:

*   **Iris Species Variation:** The genus *Iris* is incredibly diverse. There are hundreds of species, and within those species, there are numerous subspecies, varieties, and cultivars. Many of these share similar or overlapping measurement ranges for their sepals and petals.
*   **Measurement Overlap:** The measurements you've given (sepal length 6.3 cm, sepal width 3.3 cm, petal length 4.7 cm, petal width 1.6 cm) might fall within the typical range for *several* different iris species.
*   **Other Crucial Features:** Identifying iris species accurately relies on a combination of many features, not just sepal and petal dimensions. These include:
    *   **Flower Color and Markings:** The specific hue, patterns (like beards or signal patches), and venation are critical.
    *   **Growth Habit:** Is it a rhizomatous iris (like most common garden irises) or a bulbous iris (like Siberian iris or Japanese iris)?
    *   **Leaf Shape and Arrangement:** The width, length, and whether the leaves are erect, arching, or sword-like are important.
    *   **Geographic Origin:** Knowing where the specimen was found can be a huge clue.
    *   **Rhizome/Bulb Characteristics:** The size, shape, and texture of the underground structures.
    *   **Stigma Shape:** The shape of the stigmatic lips.
    *   **Flowering Time:** When the iris blooms can also be indicative.
    *   **Ploidy Level:** Sometimes chromosome number is used in classification.

**To identify the iris species, you would need to:**

1.  **Consult an Iris Identification Key:** These are specialized guides used by botanists and experienced gardeners. They use a branching series of questions based on a wide range of characteristics.
2.  **Compare to Known Specimens/Databases:** If you have access to a botanical garden or a well-curated collection, you could compare the specimen to known plants. Online databases and images can also be helpful, but require careful comparison.
3.  **Provide More Detailed Descriptions:** If you could provide information on color, markings, leaf type, and growth habit, it would significantly narrow down the possibilities.

Without additional information, any attempt to name a specific species would be a guess!"
V2_DESCRIPTION,8,virginica,,False,"To identify the iris species, I need more information than just the measurements of a single specimen. Here's why:

*   **Variability within Species:** Even within a single iris species, there can be natural variations in sepal and petal size and shape.
*   **Overlap in Traits:** Different iris species can have overlapping measurements, making it impossible to distinguish them solely based on a few numbers.
*   **Key Identification Features:** Iris identification often relies on a combination of features, including:
    *   **Color and Pattern:** The color of the standards (upright petals) and falls (hanging petals), and the presence of specific markings (like beards or veins).
    *   **Growth Habit:** Whether it's a rhizomatous or bulbous iris.
    *   **Foliage:** The shape and arrangement of the leaves.
    *   **Flower Structure:** Details about the stigma, style arms, and crests.
    *   **Geographic Origin/Habitat:** Where the iris was found can be a strong clue.

**To identify the iris species, you would need to provide additional details such as:**

1.  **Color of the flower:** (e.g., purple, yellow, white, pink, bicolored)
2.  **Presence and color of a beard on the falls:** (e.g., orange, yellow, brown, white)
3.  **Any distinctive markings or patterns on the petals.**
4.  **Where the specimen was found (geographic location or garden context).**
5.  **How the plant grows (from bulbs or rhizomes).**

With more information, I might be able to narrow down the possibilities considerably."
V2_DESCRIPTION,9,setosa,virginica,False,"Based on the provided measurements, this flower specimen is most likely **Iris setosa**.

Here's why:

*   **Sepal Length (5.4 cm) and Width (3.4 cm):** These are relatively large sepals, which is characteristic of *Iris setosa*.
*   **Petal Length (1.7 cm) and Width (0.2 cm):** These are very small petals, which is a defining feature of *Iris setosa*. The petals of *Iris setosa* are typically much smaller than its sepals and often appear more like ""flags"" or ""beards"" compared to the prominent sepals.

**Comparison with other common Iris species:**

*   **Iris virginica:** Generally has larger petals and sepals that are more similar in size.
*   **Iris versicolor:** Also has larger petals relative to the sepals.

The stark difference between the large sepals and very small petals is the most telling characteristic that points to *Iris setosa*."
V2_DESCRIPTION,10,setosa,virginica,False,"Based on the provided measurements, the iris species is likely **Irissetosa**.

Here's why:

*   **Sepal Length (5.2 cm):** This is within the typical range for Irissetosa.
*   **Sepal Width (3.4 cm):** This is also within the typical range for Irissetosa.
*   **Petal Length (1.4 cm):** This is a key characteristic. Irissetosa has significantly shorter petals compared to its sepals, and 1.4 cm fits this pattern.
*   **Petal Width (0.2 cm):** This is a very narrow petal width, which is very characteristic of Irissetosa.

**Why other common Iris species are less likely:**

*   **Iris versicolor:** Generally has larger petals than Irissetosa, and its sepals are often more strongly reflexed.
*   **Iris virginica:** Similar to Iris versicolor, but often with even larger flowers and petals.
*   **Iris germanica (Bearded Iris):** These typically have much larger, more elaborate flowers with broad petals and sepals, and a distinct ""beard"" on the sepals. The measurements provided are far too small for Iris germanica.

The very small petal size relative to the sepal size is a strong indicator of **Irissetosa**."
V2_DESCRIPTION,11,virginica,,False,"To identify the iris species based on the provided measurements, we need to compare them to known characteristics of different iris species. However, I need more information to do this accurately.

Here's why and what information would be helpful:

*   **Iris is a large genus:** There are many different iris species, and their measurements can overlap.
*   **Measurements are key, but context matters:** While sepal and petal lengths/widths are important characteristics, they are often used in conjunction with other features.

**To help me identify the iris species, please provide:**

1.  **A list of potential iris species you are considering:** Do you have a shortlist of species this specimen might belong to?
2.  **The source of the measurements:** Where did these measurements come from? If it's a scientific paper, a field guide, or a database, knowing the source can help me find relevant information.
3.  **Any other observable characteristics:** Besides the measurements, can you describe any other features of the flower? This could include:
    *   **Color of the petals and sepals:** (e.g., blue, purple, yellow, white, pink)
    *   **Beard on the falls:** (The drooping part of the petal). Is it prominent, absent, or a specific color?
    *   **Shape of the flower:** Is it very open, more tubular, etc.?
    *   **Leaf characteristics:** (e.g., narrow, broad, glaucous)
    *   **Habit of growth:** (e.g., rhizomatous, bulbous)
    *   **Geographic location where it was found:** This is crucial for narrowing down possibilities.

**Without this additional information, it's impossible to definitively identify the iris species.**

**However, if you're looking for a *general* idea, these measurements are within the typical range for many common garden irises, including some species within the *Iris* genus.** For example, some *Iris germanica* (Bearded Iris) varieties can have similar measurements.

**Please provide more details so I can give you a more accurate identification!**"
V2_DESCRIPTION,12,versicolor,virginica,False,"Based on the provided measurements, the iris species is likely **Iris setosa**.

Here's why:

*   **Sepal Length:** 6.1 cm (This is a good indicator, as Iris setosa tends to have longer sepals compared to some other common iris species.)
*   **Sepal Width:** 2.9 cm (This also aligns with Iris setosa.)
*   **Petal Length:** 4.7 cm (This is within the typical range for Iris setosa.)
*   **Petal Width:** 1.4 cm (This is a key distinguishing feature. Iris setosa typically has narrower petals compared to species like Iris virginica or Iris versicolor.)

**How these measurements point to Iris setosa:**

When looking at common iris datasets used in machine learning (like the famous Iris dataset), Iris setosa consistently exhibits these characteristics:

*   **Longer sepals** than the other two species.
*   **Narrower petals** than the other two species.

While there can be some overlap in measurements within any species, these specific values are strongly suggestive of Iris setosa, especially when compared to the typical ranges for *Iris versicolor* and *Iris virginica*."
V2_DESCRIPTION,13,setosa,,False,"Based on the provided measurements, it is highly unlikely that this flower specimen is an iris.

Here's why:

*   **Iris Characteristics:** Irises are known for their relatively large and showy petals, often with distinct ""falls"" (downward-pointing petals) and ""standards"" (upright petals). Their petal lengths are typically much larger than the sepal lengths, and their petal widths are also more substantial.

*   **Your Specimen's Measurements:**
    *   Sepal Length: 5.8 cm
    *   Sepal Width: 4.0 cm
    *   Petal Length: 1.2 cm
    *   Petal Width: 0.2 cm

The key discrepancy is that the **petal length (1.2 cm) is significantly smaller than the sepal length (5.8 cm)**. In most flowering plants, including irises, the petals are the more prominent and larger floral structures compared to the sepals. The sepals are typically the outer, leaf-like structures that enclose the bud.

**What kind of flower might this be?**

These measurements, particularly the small petals relative to the sepals, could suggest a flower that relies more on its sepals for visual attraction, or it might be a flower where the sepals are modified or prominent. Some possibilities include:

*   **Certain types of weeds or wildflowers:** Some less showy flowers have larger sepals.
*   **A very young bud:** If the flower is still in its bud stage, the petals might not have fully developed or unfurled.
*   **A specific group of plants with unusual floral structures.**

**To definitively identify the iris species (if it were one), or to identify this specimen, you would need more information, such as:**

*   **Photographs of the flower:** This is crucial for visual identification.
*   **Color of the flower parts.**
*   **Arrangement of the petals and sepals.**
*   **Any other distinctive features:** Stamen, pistil, leaves, stem.
*   **Where the specimen was found:** Geographical location and habitat.

**In conclusion, based solely on the provided measurements, this flower is not an iris.**"
V2_DESCRIPTION,14,versicolor,,False,"Unfortunately, I cannot definitively identify the iris species based on the provided measurements alone.

Here's why:

*   **Iris Identification is Complex:** Iris identification is a very intricate field. While sepal and petal measurements are important, they are usually just one part of a larger picture.
*   **Other Crucial Features:** Botanists rely on a wide range of characteristics to identify iris species, including:
    *   **Color and Markings:** The exact color of the standards (upright petals) and falls (drooping petals), as well as any veins, beards, or other markings.
    *   **Form and Shape:** The overall structure of the flower, the shape of the individual petals, and how they are arranged.
    *   **Growth Habit:** Whether the iris is rhizomatous or bulbous, its foliage characteristics (height, color, shape), and its flowering time.
    *   **Geographic Origin:** Where the plant was found or where it is naturally distributed.
    *   **Rhizome characteristics:** For rhizomatous irises, the size, shape, and texture of the rhizome are important.
    *   **Stigma shape and position:** The shape of the stigma (the part of the pistil that receives pollen) and how it's positioned relative to the style arms.
*   **Variability within Species:** Even within a single iris species, there can be some variation in measurements due to environmental factors, age of the flower, and individual plant differences.
*   **Hybridization:** Many iris cultivars are hybrids, meaning they are crosses between different species, making identification even more challenging based solely on measurements.

**What these measurements might suggest:**

The measurements you provided (sepal length of 6.6 cm, sepal width of 2.9 cm, petal length of 4.6 cm, and petal width of 1.3 cm) are **typical for many iris flowers**, particularly those in the bearded iris group. However, they don't pinpoint a specific species.

**To help identify the iris, you would need to provide more information, such as:**

*   **Photos of the flower:** Clear images showing the color, markings, and overall shape are invaluable.
*   **Color of the standards and falls.**
*   **Presence and color of a ""beard"" on the falls.**
*   **Where the plant was found or is growing.**
*   **Whether it grows from a bulb or a rhizome.**
*   **Description of the foliage.**

If you have access to the original source of this information, it might contain more clues or even the species name directly."
